id;user_name;user_email;user_phone;password;created_date;created_by;last_update_date;last_update_by
1;Bacon encompassing;digital;indigo Mandatory SQL;Credit Card Account Kiribati array;2020-04-20;Implementation integrated Coordinator;2020-04-20;Analyst Hong Kong Dollar
2;reciprocal channels gold;Gorgeous Rubber Bacon Meadow;mint green Mountains;Administrator Director archive;2020-04-20;Arizona;2020-04-20;Metrics Directives
3;payment green;neutral;leading-edge;Movies applications Saint Martin;2020-04-20;cross-platform;2020-04-20;orchestrate CSS
4;TCP;Florida;Lao People's Democratic Republic Direct;overriding help-desk Upgradable;2020-04-21;Phased;2020-04-20;Fresh
5;Unbranded;bypass Down-sized Generic;purple online Investment Account;connecting;2020-04-20;District;2020-04-20;Malta overriding Tasty Metal Bacon
6;Investment Account bus Shoes;architecture;Kuwaiti Dinar Tasty Optimization;Games Maryland;2020-04-20;Research;2020-04-20;Salad Unbranded
7;withdrawal sensor online;Iceland Krona;Nakfa;Movies;2020-04-20;Czech Republic JBOD overriding;2020-04-21;Checking Account Cotton Gorgeous
8;Boliviano Mvdol;Sausages Tennessee;Cotton;Technician;2020-04-20;payment calculate;2020-04-20;Pakistan Rupee Organic
9;protocol;Fresh;Plastic Louisiana;olive Handmade Concrete Chicken open-source;2020-04-20;Home Loan Account open-source;2020-04-20;Ergonomic Cotton Table system Bike
10;clicks-and-mortar;withdrawal;Producer matrix;New Leu;2020-04-20;internet solution navigating back-end;2020-04-20;firewall
